observation_date,MORTGAGE15US
1991-09-01,8.67
1991-10-01,8.48
1991-11-01,8.33
1991-12-01,8.07
1992-01-01,8.01
1992-02-01,8.38
1992-03-01,8.58
1992-04-01,8.47
1992-05-01,8.29
1992-06-01,8.08
1992-07-01,7.67
1992-08-01,7.49
1992-09-01,7.41
1992-10-01,7.55
1992-11-01,7.80
1992-12-01,7.74
1993-01-01,7.51
1993-02-01,7.17
1993-03-01,6.99
1993-04-01,6.96
1993-05-01,6.93
1993-06-01,6.92
1993-07-01,6.72
1993-08-01,6.63
1993-09-01,6.44
1993-10-01,6.37
1993-11-01,6.69
1993-12-01,6.68
1994-01-01,6.57
1994-02-01,6.66
1994-03-01,7.18
1994-04-01,7.80
1994-05-01,8.08
1994-06-01,7.91
1994-07-01,8.11
1994-08-01,8.02
1994-09-01,8.13
1994-10-01,8.39
1994-11-01,8.67
1994-12-01,8.80
1995-01-01,8.80
1995-02-01,8.46
1995-03-01,8.06
1995-04-01,7.88
1995-05-01,7.51
1995-06-01,7.06
1995-07-01,7.09
1995-08-01,7.36
1995-09-01,7.16
1995-10-01,7.01
1995-11-01,6.89
1995-12-01,6.74
1996-01-01,6.55
1996-02-01,6.56
1996-03-01,7.11
1996-04-01,7.44
1996-05-01,7.58
1996-06-01,7.83
1996-07-01,7.77
1996-08-01,7.52
1996-09-01,7.75
1996-10-01,7.43
1996-11-01,7.14
1996-12-01,7.10
1997-01-01,7.33
1997-02-01,7.15
1997-03-01,7.41
1997-04-01,7.68
1997-05-01,7.47
1997-06-01,7.24
1997-07-01,7.04
1997-08-01,7.02
1997-09-01,6.99
1997-10-01,6.85
1997-11-01,6.76
1997-12-01,6.66
1998-01-01,6.58
1998-02-01,6.64
1998-03-01,6.74
1998-04-01,6.78
1998-05-01,6.78
1998-06-01,6.67
1998-07-01,6.62
1998-08-01,6.61
1998-09-01,6.40
1998-10-01,6.36
1998-11-01,6.51
1998-12-01,6.39
1999-01-01,6.43
1999-02-01,6.44
1999-03-01,6.68
1999-04-01,6.53
1999-05-01,6.75
1999-06-01,7.18
1999-07-01,7.26
1999-08-01,7.53
1999-09-01,7.44
1999-10-01,7.47
1999-11-01,7.36
1999-12-01,7.52
2000-01-01,7.80
2000-02-01,7.93
2000-03-01,7.83
2000-04-01,7.80
2000-05-01,8.18
2000-06-01,7.99
2000-07-01,7.87
2000-08-01,7.76
2000-09-01,7.60
2000-10-01,7.47
2000-11-01,7.42
2000-12-01,7.06
2001-01-01,6.64
2001-02-01,6.64
2001-03-01,6.51
2001-04-01,6.60
2001-05-01,6.68
2001-06-01,6.70
2001-07-01,6.68
2001-08-01,6.50
2001-09-01,6.34
2001-10-01,6.10
2001-11-01,6.15
2001-12-01,6.54
2002-01-01,6.48
2002-02-01,6.38
2002-03-01,6.52
2002-04-01,6.48
2002-05-01,6.28
2002-06-01,6.11
2002-07-01,5.93
2002-08-01,5.70
2002-09-01,5.51
2002-10-01,5.50
2002-11-01,5.46
2002-12-01,5.45
2003-01-01,5.30
2003-02-01,5.22
2003-03-01,5.07
2003-04-01,5.12
2003-05-01,4.86
2003-06-01,4.63
2003-07-01,4.97
2003-08-01,5.59
2003-09-01,5.46
2003-10-01,5.27
2003-11-01,5.27
2003-12-01,5.20
2004-01-01,5.02
2004-02-01,4.94
2004-03-01,4.74
2004-04-01,5.16
2004-05-01,5.64
2004-06-01,5.66
2004-07-01,5.46
2004-08-01,5.26
2004-09-01,5.14
2004-10-01,5.12
2004-11-01,5.14
2004-12-01,5.18
2005-01-01,5.17
2005-02-01,5.15
2005-03-01,5.46
2005-04-01,5.41
2005-05-01,5.28
2005-06-01,5.17
2005-07-01,5.28
2005-08-01,5.40
2005-09-01,5.36
2005-10-01,5.63
2005-11-01,5.86
2005-12-01,5.82
2006-01-01,5.71
2006-02-01,5.86
2006-03-01,5.97
2006-04-01,6.16
2006-05-01,6.21
2006-06-01,6.31
2006-07-01,6.39
2006-08-01,6.20
2006-09-01,6.08
2006-10-01,6.05
2006-11-01,5.96
2006-12-01,5.88
2007-01-01,5.97
2007-02-01,6.02
2007-03-01,5.88
2007-04-01,5.88
2007-05-01,5.97
2007-06-01,6.34
2007-07-01,6.36
2007-08-01,6.23
2007-09-01,6.05
2007-10-01,6.04
2007-11-01,5.85
2007-12-01,5.75
2008-01-01,5.29
2008-02-01,5.44
2008-03-01,5.42
2008-04-01,5.47
2008-05-01,5.60
2008-06-01,5.91
2008-07-01,5.97
2008-08-01,6.03
2008-09-01,5.64
2008-10-01,5.89
2008-11-01,5.79
2008-12-01,5.04
2009-01-01,4.72
2009-02-01,4.77
2009-03-01,4.64
2009-04-01,4.50
2009-05-01,4.52
2009-06-01,4.90
2009-07-01,4.69
2009-08-01,4.61
2009-09-01,4.49
2009-10-01,4.39
2009-11-01,4.34
2009-12-01,4.39
2010-01-01,4.44
2010-02-01,4.37
2010-03-01,4.33
2010-04-01,4.42
2010-05-01,4.28
2010-06-01,4.18
2010-07-01,4.04
2010-08-01,3.91
2010-09-01,3.81
2010-10-01,3.66
2010-11-01,3.68
2010-12-01,4.06
2011-01-01,4.09
2011-02-01,4.22
2011-03-01,4.08
2011-04-01,4.06
2011-05-01,3.82
2011-06-01,3.69
2011-07-01,3.68
2011-08-01,3.46
2011-09-01,3.32
2011-10-01,3.35
2011-11-01,3.31
2011-12-01,3.25
2012-01-01,3.20
2012-02-01,3.16
2012-03-01,3.20
2012-04-01,3.14
2012-05-01,3.03
2012-06-01,2.95
2012-07-01,2.85
2012-08-01,2.86
2012-09-01,2.80
2012-10-01,2.69
2012-11-01,2.66
2012-12-01,2.66
2013-01-01,2.70
2013-02-01,2.77
2013-03-01,2.76
2013-04-01,2.66
2013-05-01,2.72
2013-06-01,3.17
2013-07-01,3.43
2013-08-01,3.49
2013-09-01,3.52
2013-10-01,3.27
2013-11-01,3.30
2013-12-01,3.48
2014-01-01,3.48
2014-02-01,3.35
2014-03-01,3.36
2014-04-01,3.39
2014-05-01,3.29
2014-06-01,3.27
2014-07-01,3.24
2014-08-01,3.25
2014-09-01,3.31
2014-10-01,3.21
2014-11-01,3.19
2014-12-01,3.13
2015-01-01,2.99
2015-02-01,3.01
2015-03-01,3.04
2015-04-01,2.94
2015-05-01,3.06
2015-06-01,3.19
2015-07-01,3.21
2015-08-01,3.13
2015-09-01,3.10
2015-10-01,3.01
2015-11-01,3.16
2015-12-01,3.21
2016-01-01,3.16
2016-02-01,2.96
2016-03-01,2.97
2016-04-01,2.87
2016-05-01,2.84
2016-06-01,2.84
2016-07-01,2.75
2016-08-01,2.75
2016-09-01,2.76
2016-10-01,2.76
2016-11-01,3.03
2016-12-01,3.43
2017-01-01,3.39
2017-02-01,3.38
2017-03-01,3.41
2017-04-01,3.30
2017-05-01,3.26
2017-06-01,3.17
2017-07-01,3.24
2017-08-01,3.16
2017-09-01,3.11
2017-10-01,3.20
2017-11-01,3.29
2017-12-01,3.39
2018-01-01,3.48
2018-02-01,3.79
2018-03-01,3.91
2018-04-01,3.93
2018-05-01,4.07
2018-06-01,4.04
2018-07-01,4.01
2018-08-01,4.02
2018-09-01,4.08
2018-10-01,4.25
2018-11-01,4.28
2018-12-01,4.09
2019-01-01,3.91
2019-02-01,3.80
2019-03-01,3.72
2019-04-01,3.61
2019-05-01,3.53
2019-06-01,3.24
2019-07-01,3.20
2019-08-01,3.08
2019-09-01,3.12
2019-10-01,3.14
2019-11-01,3.16
2019-12-01,3.18
2020-01-01,3.07
2020-02-01,2.97
2020-03-01,2.89
2020-04-01,2.80
2020-05-01,2.69
2020-06-01,2.60
2020-07-01,2.52
2020-08-01,2.48
2020-09-01,2.39
2020-10-01,2.35
2020-11-01,2.31
2020-12-01,2.22
2021-01-01,2.20
2021-02-01,2.24
2021-03-01,2.39
2021-04-01,2.36
2021-05-01,2.28
2021-06-01,2.27
2021-07-01,2.18
2021-08-01,2.15
2021-09-01,2.18
2021-10-01,2.31
2021-11-01,2.36
2021-12-01,2.35
2022-01-01,2.66
2022-02-01,3.00
2022-03-01,3.39
2022-04-01,4.22
2022-05-01,4.44
2022-06-01,4.65
2022-07-01,4.61
2022-08-01,4.56
2022-09-01,5.35
2022-10-01,6.15
2022-11-01,6.14
2022-12-01,5.67
2023-01-01,5.43
2023-02-01,5.42
2023-03-01,5.80
2023-04-01,5.66
2023-05-01,5.81
2023-06-01,6.09
2023-07-01,6.18
2023-08-01,6.43
2023-09-01,6.57
2023-10-01,6.91
2023-11-01,6.77
2023-12-01,6.14
2024-01-01,5.87
2024-02-01,6.10
2024-03-01,6.18
2024-04-01,6.26
2024-05-01,6.35
2024-06-01,6.19
2024-07-01,6.14
2024-08-01,5.68
2024-09-01,5.26
2024-10-01,5.60
2024-11-01,6.03
2024-12-01,5.93
2025-01-01,6.16
2025-02-01,6.03
2025-03-01,5.83
2025-04-01,5.90
