"","observation_date","CHXRSA","MORTGAGE15US","NFCICREDIT","CHIC917BPPRIVSA","CUURA207SEHA","APUS23A74714","CHIC917URN","APU0000708111","CHXRNSA","t"
"1","1991-09-01",71.966358151603,8.67,0.39111,2115.72800435152,152,1.256,7.3,0.987,72.593372,1991-09-01
"2","1991-10-01",72.181066314489,8.48,0.33185,2169.12823916639,151.6,1.207,7.5,0.976,72.431857,1991-10-01
"3","1991-11-01",72.372109231549,8.33,0.27816,2292.28522320374,151.4,1.232,8.1,0.95,72.225687,1991-11-01
"4","1991-12-01",73.013735091813,8.07,0.25491,2125.63643289942,152.7,1.223,8.5,1.012,72.450755,1991-12-01
"5","1992-01-01",73.42500636658,8.01,0.16729,2652.96913010349,153.1,1.162,9.2,0.933,72.710355,1992-01-01
"6","1992-02-01",73.718317035757,8.38,0.03226,2583.81547948785,153.6,1.113,9.1,0.881,73.186018,1992-02-01
"7","1992-03-01",73.891724711458,8.58,-0.04228,2502.8730454185,154.1,1.068,8.7,0.85,73.511145,1992-03-01
"8","1992-04-01",73.225758262343,8.47,-0.07868,2295.99379511878,154.1,1.1,8.3,0.829,72.970676,1992-04-01
"9","1992-05-01",73.419645392338,8.29,-0.12312,2623.31451147359,154.4,1.165,8.5,0.836,73.355251,1992-05-01
"10","1992-06-01",74.13148230411,8.08,-0.16343,2566.63519271065,154.5,1.211,9,0.801,74.447223,1992-06-01
"11","1992-07-01",74.900438996274,7.67,-0.17049,2679.88438008828,155.4,1.18,8.3,0.827,75.484346,1992-07-01
"12","1992-08-01",74.978006341051,7.49,-0.13913,2546.49536222338,156.1,1.151,7.5,0.809,75.754203,1992-08-01
"13","1992-09-01",75.234983548903,7.41,-0.08918,2708.31399754445,156.7,1.175,7.2,0.873,75.822786,1992-09-01
"14","1992-10-01",75.545505439162,7.55,-0.08728,2729.50344797576,156.5,1.205,6.6,0.858,75.79439,1992-10-01
"15","1992-11-01",75.910743673766,7.8,-0.12893,2633.12847961891,156.9,1.205,7.1,0.897,75.823957,1992-11-01
"16","1992-12-01",75.848620240965,7.74,-0.15002,2596.24318926866,156.4,1.171,7.4,0.928,75.425018,1992-12-01
"17","1993-01-01",76.011974265424,7.51,-0.16044,2828.17180933288,157.6,1.123,8.3,0.898,75.379466,1993-01-01
"18","1993-02-01",76.008640130312,7.17,-0.17029,2707.22908540795,157.8,1.126,8.4,0.895,75.52959,1993-02-01
"19","1993-03-01",76.215453658693,6.99,-0.19271,2639.89133961456,156.4,1.131,8.3,0.927,75.799644,1993-03-01
"20","1993-04-01",76.324601271516,6.96,-0.24798,2828.21930982409,157.3,1.172,8.1,0.997,75.972584,1993-04-01
"21","1993-05-01",76.692507039792,6.93,-0.30939,2617.56036796762,158,1.193,8.2,0.895,76.577034,1993-05-01
"22","1993-06-01",77.293236726446,6.92,-0.35184,2806.63992484034,156.9,1.177,8.6,0.921,77.591412,1993-06-01
"23","1993-07-01",77.548808388678,6.72,-0.37702,2837.96617392576,157.3,1.133,7.7,0.9,78.102417,1993-07-01
"24","1993-08-01",77.627673985173,6.63,-0.34263,2767.13662828476,159.2,1.114,7.4,0.929,78.350101,1993-08-01
"25","1993-09-01",77.812339234676,6.44,-0.29416,2729.31251990363,160.2,1.093,7.3,0.89,78.34892,1993-09-01
"26","1993-10-01",78.112284307862,6.37,-0.29885,2929.89721361512,161.5,1.131,7,0.897,78.370438,1993-10-01
"27","1993-11-01",78.426133588848,6.69,-0.35665,3585.19644574866,161.9,1.117,6.5,0.917,78.418014,1993-11-01
"28","1993-12-01",79.106541723644,6.68,-0.43501,3329.99129545521,161.7,1.063,6.5,0.871,78.807256,1993-12-01
"29","1994-01-01",80.194479457187,6.57,-0.52715,2782.89900419873,161.2,1.047,7.8,0.917,79.620172,1994-01-01
"30","1994-02-01",80.170725614409,6.66,-0.57484,2545.0559923687,162,1.081,7.4,0.903,79.668507,1994-02-01
"31","1994-03-01",80.079418851644,7.18,-0.56014,3580.45022218571,163,1.065,7,0.926,79.641348,1994-03-01
"32","1994-04-01",80.204889035997,7.8,-0.49108,3085.2608244625,163.4,1.101,6.4,0.861,79.794361,1994-04-01
"33","1994-05-01",80.56874539076,8.08,-0.40489,3443.36060799586,163.6,1.135,5.9,0.801,80.402048,1994-05-01
"34","1994-06-01",80.615509703415,7.91,-0.35716,3000.33494148089,164.4,1.179,6.2,0.841,80.905243,1994-06-01
"35","1994-07-01",80.659729532245,8.11,-0.35061,3228.37771490788,163.8,1.224,5.9,0.815,81.190845,1994-07-01
"36","1994-08-01",80.910095881877,8.02,-0.36678,3350.42759850542,163.8,1.275,5.7,0.895,81.605086,1994-08-01
"37","1994-09-01",81.175846618793,8.13,-0.38,3162.34969630311,164.2,1.269,5.3,0.855,81.679677,1994-09-01
"38","1994-10-01",81.617259091016,8.39,-0.36868,3136.5105168744,164.2,1.218,5.4,0.81,81.887629,1994-10-01
"39","1994-11-01",81.715648139792,8.67,-0.30985,3096.01474126669,166.4,1.215,5,0.857,81.764103,1994-11-01
"40","1994-12-01",81.860945831882,8.8,-0.21376,3220.43604598659,167.2,1.219,4.9,0.873,81.662321,1994-12-01
"41","1995-01-01",81.883233693952,8.8,-0.16899,2867.59319662003,167.9,1.209,6,0.882,81.376105,1995-01-01
"42","1995-02-01",82.154192483379,8.46,-0.17598,2812.49742054316,168.6,1.187,5.9,0.863,81.610288,1995-02-01
"43","1995-03-01",82.281548161011,8.06,-0.19255,2991.61011257748,169.4,1.176,5.7,0.875,81.800668,1995-03-01
"44","1995-04-01",82.346761257353,7.88,-0.19887,2493.82322868458,169.9,1.215,6.1,0.833,81.899952,1995-04-01
"45","1995-05-01",82.316163884176,7.51,-0.21371,2763.22002538462,170.1,1.279,5.6,0.819,82.133335,1995-05-01
"46","1995-06-01",82.51724796879,7.06,-0.23458,3262.48226622442,170.2,1.32,5.5,0.825,82.815563,1995-06-01
"47","1995-07-01",82.846516382263,7.09,-0.25291,2830.77261740332,170.8,1.279,5.5,0.879,83.37597,1995-07-01
"48","1995-08-01",83.109243623071,7.36,-0.24328,3194.10218715057,171.3,1.236,5.5,0.984,83.794695,1995-08-01
"49","1995-09-01",83.428629913636,7.16,-0.21625,3574.17027993168,171.7,1.22,5.1,0.956,83.916417,1995-09-01
"50","1995-10-01",83.512437887823,7.01,-0.2066,2920.50240020388,172.3,1.191,4.8,0.981,83.794829,1995-10-01
"51","1995-11-01",83.875639085042,6.89,-0.18746,3154.57170384719,172.6,1.16,4.8,1.037,83.965463,1995-11-01
"52","1995-12-01",83.959509579233,6.74,-0.16739,2874.42394767875,173,1.182,5,1.16,83.802074,1995-12-01
"53","1996-01-01",84.258774016567,6.55,-0.19555,3060.38670599009,173.2,1.207,6,1.155,83.774581,1996-01-01
"54","1996-02-01",83.917424085949,6.56,-0.25479,3050.14615552424,173.6,1.198,5.7,1.091,83.309624,1996-02-01
"55","1996-03-01",84.017461216261,7.11,-0.29779,3083.08767033212,174,1.275,5.6,1.138,83.481314,1996-03-01
"56","1996-04-01",84.828177892273,7.44,-0.29399,3632.90203140971,174.4,1.338,5.6,1.086,84.354847,1996-04-01
"57","1996-05-01",85.056659801859,7.58,-0.28863,3354.46940692454,174.7,1.391,5.6,1.021,84.879932,1996-05-01
"58","1996-06-01",85.210576027079,7.83,-0.3051,2932.66171746324,175.5,1.379,5.8,0.945,85.534876,1996-06-01
"59","1996-07-01",85.175260310495,7.77,-0.32642,3100.67741501425,175.8,1.339,5.7,1.042,85.753067,1996-07-01
"60","1996-08-01",85.309707883631,7.52,-0.34774,3144.87197142541,176.4,1.293,5.3,1.072,86.028404,1996-08-01
"61","1996-09-01",85.538534667268,7.75,-0.34833,3020.95428125618,176.9,1.304,5,1.15,86.028134,1996-09-01
"62","1996-10-01",85.812225671454,7.43,-0.32391,3433.58265888511,177.9,1.311,4.7,1.129,86.10349,1996-10-01
"63","1996-11-01",86.119846279582,7.14,-0.31309,3239.31292370101,178.7,1.376,4.7,1.139,86.213892,1996-11-01
"64","1996-12-01",86.452119616243,7.1,-0.30435,2850.14947101107,178.8,1.388,4.9,1.308,86.288316,1996-12-01
"65","1997-01-01",86.519564927136,7.33,-0.26028,3228.41226388758,179.4,1.375,5.8,1.148,86.039568,1997-01-01
"66","1997-02-01",86.529694070874,7.15,-0.23122,2864.01312313591,180.1,1.333,5.6,1.132,85.836423,1997-02-01
"67","1997-03-01",86.8297684752,7.41,-0.21582,2800.57953141818,180.3,1.281,5.4,1.056,86.213557,1997-03-01
"68","1997-04-01",86.924975321633,7.68,-0.2096,3016.37423681109,180.7,1.252,5,1.081,86.419038,1997-04-01
"69","1997-05-01",86.88887255471,7.47,-0.21954,2859.45470600634,181.4,1.294,4.4,1.002,86.743405,1997-05-01
"70","1997-06-01",86.889531000454,7.24,-0.20775,2882.91564438464,182.5,1.313,5,0.952,87.263134,1997-06-01
"71","1997-07-01",87.22231931512,7.04,-0.20756,3037.84140249233,183.5,1.293,4.9,0.979,87.881548,1997-07-01
"72","1997-08-01",87.563790742762,7.02,-0.23833,2502.5730174047,184.2,1.344,4.8,1.061,88.344782,1997-08-01
"73","1997-09-01",87.96700228096,6.99,-0.25541,2963.80408228239,184.9,1.317,4.7,1.009,88.464858,1997-09-01
"74","1997-10-01",88.325284594543,6.85,-0.23832,2719.14600958913,185.6,1.251,4.6,1.018,88.624866,1997-10-01
"75","1997-11-01",88.921042380146,6.76,-0.16889,2666.51389976486,186.2,1.231,4.7,1.09,88.993749,1997-11-01
"76","1997-12-01",89.378636565513,6.66,-0.11845,3100.82124042277,186.2,1.208,4.8,1.172,89.175047,1997-12-01
"77","1998-01-01",90.187410665993,6.58,-0.18752,3096.46694135857,187.1,1.133,5.6,1.12,89.685391,1998-01-01
"78","1998-02-01",90.543431115403,6.64,-0.25482,3249.35728295252,187.4,1.096,5.1,1.073,89.752292,1998-02-01
"79","1998-03-01",90.699638212685,6.74,-0.23633,3102.91189326073,188.1,1.078,5,1.043,89.994267,1998-03-01
"80","1998-04-01",90.669103425676,6.78,-0.22445,3080.8920857335,188.3,1.105,4.1,1.061,90.121807,1998-04-01
"81","1998-05-01",90.992326000124,6.78,-0.19231,3079.16908895844,188.9,1.172,4,0.96,90.882144,1998-05-01
"82","1998-06-01",91.562942131192,6.67,-0.11082,3218.06116410184,190.1,1.186,4.9,0.932,92.007565,1998-06-01
"83","1998-07-01",91.807478298837,6.62,-0.07252,3113.95084496751,190.2,1.176,4.5,0.971,92.590263,1998-07-01
"84","1998-08-01",92.152674729883,6.61,-0.0318,2515.01174447316,190.9,1.141,4.5,1.053,93.019368,1998-08-01
"85","1998-09-01",92.274398545441,6.4,0.06977,2977.02504919056,191.7,1.118,4.6,1.022,92.801361,1998-09-01
"86","1998-10-01",92.516278427727,6.36,0.17542,3375.27906407867,192.6,1.131,4.4,1.048,92.820123,1998-10-01
"87","1998-11-01",92.108743862296,6.51,0.22031,3111.45627956316,192.9,1.103,4.3,1.077,92.135425,1998-11-01
"88","1998-12-01",92.657984243203,6.39,0.17365,3948.08129936012,193.1,1.044,4.1,1.089,92.398986,1998-12-01
"89","1999-01-01",92.942036638738,6.43,0.03625,3229.84749674031,194.6,1.052,4.8,1.053,92.424147,1999-01-01
"90","1999-02-01",93.521966624292,6.44,-0.05939,3344.81990452839,195.2,1.006,4.7,1.078,92.6825,1999-02-01
"91","1999-03-01",93.624581442868,6.68,-0.08599,3642.41499055871,196.1,1.078,4.3,1.005,92.830528,1999-03-01
"92","1999-04-01",94.654396476541,6.53,-0.09534,3409.78598222115,196.7,1.182,4.4,0.942,94.067591,1999-04-01
"93","1999-05-01",95.432819578234,6.75,-0.09187,3269.65686963565,196.7,1.214,4.5,0.9,95.371723,1999-05-01
"94","1999-06-01",96.317719245096,7.18,-0.06953,3536.35351568945,197.5,1.198,5.2,0.949,96.833453,1999-06-01
"95","1999-07-01",96.629682285406,7.26,-0.05255,3531.09592243903,197.5,1.234,5,0.88,97.511888,1999-07-01
"96","1999-08-01",97.175055051722,7.53,-0.03651,4018.26678249329,197.7,1.275,4.7,1.02,98.105384,1999-08-01
"97","1999-09-01",97.750316064613,7.44,-0.021,3998.15501111198,198.5,1.333,4.3,0.956,98.305496,1999-09-01
"98","1999-10-01",98.660909495711,7.47,-0.01422,3508.60138938621,199.1,1.312,4.1,0.888,98.97241,1999-10-01
"99","1999-11-01",99.40511281562,7.36,0.02981,3931.69955402428,199.4,1.316,4.1,0.92,99.38222,1999-11-01
"100","1999-12-01",100.143256373901,7.52,0.0912,3604.71738105312,200.4,1.326,4,0.92,99.843537,1999-12-01
"101","2000-01-01",100.56483955744,7.8,0.04162,3402.70667075243,201.3,1.371,4.7,0.975,100,2000-01-01
"102","2000-02-01",101.411386001375,7.93,0.00392,3815.91430908331,201.7,1.472,4.8,0.962,100.52028,2000-02-01
"103","2000-03-01",102.427759627994,7.83,0.044,3406.1525042146,202.3,1.578,4.7,0.931,101.52948,2000-03-01
"104","2000-04-01",103.411191814025,7.8,0.09644,3606.05577583628,202,1.519,4.2,0.939,102.77818,2000-04-01
"105","2000-05-01",104.391107512266,8.18,0.13194,4164.73974938317,203,1.719,4.3,0.852,104.37852,2000-05-01
"106","2000-06-01",105.509360753853,7.99,0.16947,3378.33355497793,203.4,2.11,4.8,0.838,106.07881,2000-06-01
"107","2000-07-01",106.031141082052,7.87,0.18643,3430.98865530747,204.8,1.593,4.6,0.868,107.01059,2000-07-01
"108","2000-08-01",106.4225176659,7.76,0.18286,3233.25507967497,206.1,1.407,4.5,0.893,107.39333,2000-08-01
"109","2000-09-01",106.710102551621,7.6,0.17541,3264.15763795618,206.6,1.547,4,0.92,107.29769,2000-09-01
"110","2000-10-01",106.977829653158,7.47,0.21649,3253.76569771359,207.9,1.532,3.7,0.923,107.28501,2000-10-01
"111","2000-11-01",107.472286295814,7.42,0.37504,3629.61621508742,207.8,1.569,4.2,0.902,107.4257,2000-11-01
"112","2000-12-01",108.149483441066,7.06,0.59118,2485.44395216093,208.6,1.482,4.5,0.959,107.86091,2000-12-01
"113","2001-01-01",108.922847453032,6.64,0.56098,4257.07005326126,209.3,1.575,5.5,1.011,108.34597,2001-01-01
"114","2001-02-01",109.520926789959,6.64,0.45806,3551.37801029707,210,1.522,5.5,0.943,108.62705,2001-02-01
"115","2001-03-01",110.357388682549,6.51,0.39556,3661.39222099949,212,1.413,5.7,0.886,109.37686,2001-03-01
"116","2001-04-01",111.288584567555,6.6,0.31448,3540.88227114284,212.3,1.763,5.4,1.028,110.63088,2001-04-01
"117","2001-05-01",112.087049631356,6.68,0.23766,3919.1632384307,213.9,1.975,5,0.881,112.12345,2001-05-01
"118","2001-06-01",113.216371530039,6.7,0.22173,3700.48493132933,215,1.799,5.8,0.92,113.78947,2001-06-01
"119","2001-07-01",114.210723882211,6.68,0.21166,3506.74335810572,216.7,1.396,5.5,0.862,115.19917,2001-07-01
"120","2001-08-01",115.251165152904,6.5,0.20089,3694.15985977457,217,1.532,5.6,0.929,116.18547,2001-08-01
"121","2001-09-01",116.095372624634,6.34,0.28148,2889.49505947994,218.2,1.838,5.3,0.916,116.6947,2001-09-01
"122","2001-10-01",116.520597912023,6.1,0.33781,3628.46038050169,218.8,1.482,5.5,0.916,116.81663,2001-10-01
"123","2001-11-01",116.804167635687,6.15,0.34195,3651.63109808973,219.6,1.223,5.9,0.935,116.76858,2001-11-01
"124","2001-12-01",117.089704558707,6.54,0.33949,3780.7017001866,220.1,1.169,6,0.925,116.87619,2001-12-01
"125","2002-01-01",117.505149623003,6.48,0.24922,4037.83557193857,220.6,1.138,7.2,0.973,116.96487,2002-01-01
"126","2002-02-01",118.121387425505,6.38,0.16026,3894.06744133342,221.2,1.119,7.1,0.996,117.2857,2002-02-01
"127","2002-03-01",118.721810545174,6.52,0.11958,3804.75455665231,221.1,1.332,7.1,1.003,117.66348,2002-03-01
"128","2002-04-01",119.634843603663,6.48,0.04829,4109.73728055946,221.4,1.536,7.1,1.047,118.96791,2002-04-01
"129","2002-05-01",120.339116977414,6.28,-0.01645,4024.73262626474,222.2,1.536,6.7,0.997,120.38496,2002-05-01
"130","2002-06-01",121.05323853681,6.11,0.03827,3932.45784404658,222.5,1.539,7.4,0.975,121.5636,2002-06-01
"131","2002-07-01",121.859731422109,5.93,0.13516,4244.22258508253,221.9,1.495,7.3,0.99,122.77092,2002-07-01
"132","2002-08-01",122.634899636755,5.7,0.19425,2849.40189020079,221.6,1.523,6.8,1.053,123.48986,2002-08-01
"133","2002-09-01",123.483561912952,5.51,0.21187,3748.41685380067,222.4,1.508,6.4,1.055,124.07231,2002-09-01
"134","2002-10-01",124.350923731597,5.5,0.21244,4225.9106692517,224.4,1.572,6.6,1.039,124.6556,2002-10-01
"135","2002-11-01",125.316701652128,5.46,0.19328,3459.62081348166,225.2,1.519,6.7,1.08,125.37772,2002-11-01
"136","2002-12-01",126.366207380391,5.45,0.1633,4136.98032612572,225.4,1.356,6.6,1.176,126.26935,2002-12-01
"137","2003-01-01",127.222375745102,5.3,0.08411,3785.77897673273,226.1,1.506,7.4,1.175,126.767,2003-01-01
"138","2003-02-01",128.21117844232,5.22,0.04156,3668.8739071216,226.9,1.689,7.2,1.189,127.47521,2003-02-01
"139","2003-03-01",129.485519047635,5.07,0.01475,3570.46158906622,227.6,1.761,7,1.209,128.25757,2003-03-01
"140","2003-04-01",129.782827538497,5.12,-0.03389,4079.19487740473,229.4,1.588,6.6,1.131,129.05119,2003-04-01
"141","2003-05-01",130.528969099385,4.86,-0.04634,3762.63806596486,229.1,1.556,6.5,1.009,130.51735,2003-05-01
"142","2003-06-01",131.022709109943,4.63,-0.0512,4798.50849905388,230.2,1.615,7.6,1.199,131.42787,2003-06-01
"143","2003-07-01",131.698926987067,4.97,-0.11677,4032.50736383539,231.3,1.575,7.1,1.15,132.49741,2003-07-01
"144","2003-08-01",132.194726574478,5.59,-0.16051,4145.49351762995,232,1.681,7,1.277,133.00694,2003-08-01
"145","2003-09-01",133.285800642076,5.46,-0.16785,4558.75554015012,232.3,1.768,6.6,1.257,133.93722,2003-09-01
"146","2003-10-01",134.447003882154,5.27,-0.2014,4972.30166985627,231.9,1.645,6.3,1.33,134.87473,2003-10-01
"147","2003-11-01",135.652480845438,5.27,-0.23024,4487.81155697492,232.5,1.598,6.3,1.448,135.91264,2003-11-01
"148","2003-12-01",137.040881799308,5.2,-0.24894,3933.55574256837,233.2,1.547,6,1.559,137.09175,2003-12-01
"149","2004-01-01",138.025283461135,5.02,-0.29767,3516.28198640796,232.8,1.688,6.9,1.573,137.64827,2004-01-01
"150","2004-02-01",138.762424022131,4.94,-0.31573,3541.46576918502,233.1,1.71,6.8,1.583,138.09819,2004-02-01
"151","2004-03-01",139.610646945122,4.74,-0.31346,4257.62224669912,232.8,1.758,6.7,1.625,138.08016,2004-03-01
"152","2004-04-01",140.171042188114,5.16,-0.33124,3662.54078305544,232.8,1.905,6.2,1.562,139.26297,2004-04-01
"153","2004-05-01",141.472962342187,5.64,-0.31107,3786.29027161162,233.2,2.109,6.1,1.372,141.27597,2004-05-01
"154","2004-06-01",142.315259486813,5.66,-0.28602,4173.64658975228,234.8,2.032,6.6,1.311,142.56761,2004-06-01
"155","2004-07-01",143.231928490294,5.46,-0.27804,4014.91792224951,234.9,1.943,6.5,1.253,143.95815,2004-07-01
"156","2004-08-01",143.847510481247,5.26,-0.25362,4192.53677879138,235.2,1.943,6.2,1.277,144.75835,2004-08-01
"157","2004-09-01",145.181994495056,5.14,-0.22849,4217.94994520272,237.1,1.892,5.9,1.145,146.0405,2004-09-01
"158","2004-10-01",146.166415916344,5.12,-0.23841,4187.66421543269,237.8,2.081,5.9,1.089,146.89477,2004-10-01
"159","2004-11-01",147.250303319861,5.14,-0.25671,4108.46836962633,237.7,2.025,6,1.085,147.85645,2004-11-01
"160","2004-12-01",148.585237255842,5.18,-0.25171,4067.97206858485,238.6,1.886,5.8,1.199,148.85242,2004-12-01
"161","2005-01-01",150.041202444199,5.17,-0.24349,3631.97812055374,239.9,1.859,6.5,1.211,149.69482,2005-01-01
"162","2005-02-01",151.823059185406,5.15,-0.2471,3917.39513527917,240.6,1.936,6.9,1.284,151.02442,2005-02-01
"163","2005-03-01",153.995430919561,5.46,-0.23345,4468.56834848452,240.4,2.077,6.5,1.132,151.84948,2005-03-01
"164","2005-04-01",154.603925945059,5.41,-0.17689,4549.86783380681,240.8,2.298,6.2,1.164,153.28009,2005-04-01
"165","2005-05-01",155.274925932193,5.28,-0.12413,4238.54552196777,242,2.214,6,1.185,154.71989,2005-05-01
"166","2005-06-01",156.073037203518,5.17,-0.12248,4113.62187453739,242,2.208,6.6,1.139,156.16159,2005-06-01
"167","2005-07-01",156.617367614633,5.28,-0.13208,4512.82535545877,241.7,2.363,6.2,1.165,157.37931,2005-07-01
"168","2005-08-01",156.555217109411,5.4,-0.12307,4932.81688423206,241.8,2.624,5.7,1.166,157.81365,2005-08-01
"169","2005-09-01",157.966484471763,5.36,-0.12728,4621.91941093518,242.1,2.913,5.5,1.279,159.32255,2005-09-01
"170","2005-10-01",159.153803978244,5.63,-0.15265,4303.24882708818,242.4,2.725,5.1,1.264,160.4689,2005-10-01
"171","2005-11-01",161.32496831016,5.86,-0.16169,4727.49887339301,245.1,2.338,5.1,1.279,162.43987,2005-11-01
"172","2005-12-01",162.646390591343,5.82,-0.15381,4554.28557753624,245.2,2.23,5.1,1.35,163.1629,2005-12-01
"173","2006-01-01",164.447886823728,5.71,-0.1494,4803.98643323734,245.2,2.36,5.5,1.449,163.97782,2006-01-01
"174","2006-02-01",165.921472760535,5.86,-0.15472,4846.92658431892,243.9,2.29,5.4,1.328,164.6689,2006-02-01
"175","2006-03-01",168.016199458558,5.97,-0.16588,4341.75176057994,244.2,2.458,5,1.302,164.89497,2006-03-01
"176","2006-04-01",167.616685935198,6.16,-0.17192,4210.25533140992,245,2.799,4.7,1.283,165.58482,2006-04-01
"177","2006-05-01",167.717175026303,6.21,-0.16743,4493.50668047871,245.1,2.925,4.3,1.206,166.61074,2006-05-01
"178","2006-06-01",167.15528933433,6.31,-0.16361,3755.68362250275,246.2,2.987,4.9,1.242,167.10152,2006-06-01
"179","2006-07-01",166.556537034347,6.39,-0.14,4070.29204967017,246.8,3.193,4.7,1.213,167.57111,2006-07-01
"180","2006-08-01",166.019692533557,6.2,-0.11424,3756.17681389931,247.5,3.181,4.6,1.244,167.98795,2006-08-01
"181","2006-09-01",166.452279791522,6.08,-0.10125,3190.29535346103,248,2.712,4.2,1.254,168.59601,2006-09-01
"182","2006-10-01",166.481666463867,6.05,-0.08635,3372.89056885096,249.3,2.279,3.8,1.257,168.58504,2006-10-01
"183","2006-11-01",166.513168694585,5.96,-0.069,3047.03390466317,249.7,2.263,4,1.354,168.18289,2006-11-01
"184","2006-12-01",166.958769607129,5.88,-0.08206,2878.39469131954,252.5,2.336,4.2,1.543,167.65038,2006-12-01
"185","2007-01-01",168.26547422862,5.97,-0.12876,4597.81048585779,253.144,2.205,5.3,1.549,167.5188,2007-01-01
"186","2007-02-01",169.482632705879,6.02,-0.14137,3316.18766915033,254.4,2.329,5.2,1.746,167.49113,2007-02-01
"187","2007-03-01",171.278104425889,5.88,-0.11648,3226.45502919814,255.087,2.531,4.7,1.634,167.03695,2007-03-01
"188","2007-04-01",168.767770730086,5.88,-0.1087,2598.19977635632,255.81,2.887,4.8,1.616,165.87295,2007-04-01
"189","2007-05-01",167.370586164947,5.97,-0.14141,3048.92691352661,255.889,3.423,4.7,1.504,165.68326,2007-05-01
"190","2007-06-01",165.974124028224,6.34,-0.18799,3091.73154342243,254.56,3.372,5.5,1.373,165.93897,2007-06-01
"191","2007-07-01",164.649901012913,6.36,-0.0535,2348.79167091562,255.597,3.215,5.3,1.502,166.12922,2007-07-01
"192","2007-08-01",162.94007110247,6.23,0.29346,2359.4497322623,257.197,3.011,5.1,1.634,165.77486,2007-08-01
"193","2007-09-01",161.400499285939,6.05,0.39772,2624.10880060631,257.946,3.109,4.8,1.825,164.41868,2007-09-01
"194","2007-10-01",160.303107843333,6.04,0.30277,2367.66635135927,260.058,2.893,4.8,1.771,163.12089,2007-10-01
"195","2007-11-01",159.626899479165,5.85,0.42754,2311.123903842,260.901,3.099,4.8,1.862,161.61337,2007-11-01
"196","2007-12-01",159.351212172263,5.75,0.61572,2405.35166915111,262.271,3.04,5.2,2.099,160.02569,2007-12-01
"197","2008-01-01",157.528502100262,5.29,0.67247,2511.1611708,262.761,3.11,6,2.175,156.42403,2008-01-01
"198","2008-02-01",155.969163700792,5.44,0.87033,1272.56892778991,262.352,3.072,5.9,2.168,153.2908,2008-02-01
"199","2008-03-01",155.24441152312,5.42,1.05298,1399.79167982677,263.166,3.271,5.7,2.203,150.33382,2008-03-01
"200","2008-04-01",153.931422147555,5.47,0.87976,2639.36220891712,262.476,3.569,5.4,2.069,150.42747,2008-04-01
"201","2008-05-01",152.008429520455,5.6,0.6942,1371.17965750906,263.035,3.918,6,1.93,149.9365,2008-05-01
"202","2008-06-01",149.959832644797,5.91,0.77733,1272.98428713504,263.922,4.168,6.8,1.92,150.10775,2008-06-01
"203","2008-07-01",147.545835760493,5.97,0.87055,1347.67450783254,263.668,4.205,6.7,2.011,149.54955,2008-07-01
"204","2008-08-01",145.938814903474,6.03,0.91338,1339.9899731236,264.592,3.998,6.7,1.854,149.46167,2008-08-01
"205","2008-09-01",144.213875453872,5.64,1.31673,863.238535009063,266.148,3.965,6.2,1.978,147.8337,2008-09-01
"206","2008-10-01",142.347404888229,5.89,2.07722,912.177887518063,266.778,3.392,6.3,1.858,145.48265,2008-10-01
"207","2008-11-01",139.526602368791,5.79,2.60215,808.949130254275,266.756,2.289,6.4,1.838,141.39312,2008-11-01
"208","2008-12-01",136.711366670125,5.04,2.6047,957.339746608822,267.25,1.706,7.1,1.834,137.15885,2008-12-01
"209","2009-01-01",132.182815154748,4.72,2.07788,901.407165368533,268.067,1.919,8.7,1.85,130.84758,2009-01-01
"210","2009-02-01",129.403058368568,4.77,1.85754,735.10502338513,268.116,1.945,9.4,1.795,126.37862,2009-02-01
"211","2009-03-01",127.336230019527,4.64,1.8651,452.099775640306,267.297,2.016,9.5,1.693,122.50372,2009-03-01
"212","2009-04-01",125.863015353641,4.5,1.55281,569.313087820108,267.595,2.139,9.5,1.774,122.36745,2009-04-01
"213","2009-05-01",125.799275078323,4.52,1.11056,207.562942859973,267.381,2.488,9.8,1.501,123.73014,2009-05-01
"214","2009-06-01",124.519763783852,4.9,0.86604,464.221713320209,268.38,2.814,10.5,1.529,124.98846,2009-06-01
"215","2009-07-01",125.923807690665,4.69,0.70147,685.987185873594,268.285,2.635,10.2,1.495,128.32073,2009-07-01
"216","2009-08-01",126.63975213671,4.61,0.50626,203.488083564105,269.858,2.699,10,1.632,130.54909,2009-08-01
"217","2009-09-01",128.16614586747,4.49,0.3926,842.804631877537,270.214,2.59,10.2,1.627,132.12601,2009-09-01
"218","2009-10-01",127.569070140596,4.39,0.3186,424.15254999972,270.564,2.61,10.4,1.595,130.75013,2009-10-01
"219","2009-11-01",127.76510625602,4.34,0.25226,670.440488763361,270.084,2.739,10.3,1.705,129.36074,2009-11-01
"220","2009-12-01",127.121749500803,4.39,0.11232,510.049526214423,269.831,2.662,10.8,1.772,127.25581,2009-12-01
"221","2010-01-01",126.838661493422,4.44,-0.00106,697.918756092082,272.882,2.807,12,1.789,125.11477,2010-01-01
"222","2010-02-01",126.221424256447,4.37,0.02627,648.164750451091,273.111,2.733,11.8,1.872,122.56626,2010-02-01
"223","2010-03-01",125.022248568685,4.33,-0.07539,585.137959920883,273.308,2.855,11.5,1.822,119.71167,2010-03-01
"224","2010-04-01",124.271862425511,4.42,-0.14427,642.818834450285,272.943,3.034,10.7,1.779,120.43199,2010-04-01
"225","2010-05-01",124.042178498451,4.28,0.04603,804.099977215823,272.715,3.053,10.3,1.523,121.90275,2010-05-01
"226","2010-06-01",124.01995515787,4.18,0.14454,598.861485923258,272.203,2.871,10.8,1.494,124.89818,2010-06-01
"227","2010-07-01",123.141445882054,4.04,0.06547,567.674179440528,271.439,2.857,10.7,1.441,126.16617,2010-07-01
"228","2010-08-01",122.245538433117,3.91,0.0216,471.557261301573,271.424,2.848,10.3,1.519,126.70093,2010-08-01
"229","2010-09-01",120.573409429222,3.81,-0.00799,453.920114723793,271.824,2.87,9.8,1.753,124.75897,2010-09-01
"230","2010-10-01",119.223652125632,3.66,-0.13697,642.560065990598,272.291,2.909,9.5,1.456,122.27786,2010-10-01
"231","2010-11-01",118.390891652726,3.68,-0.24707,341.690659294827,273.779,2.967,9.6,1.675,119.57015,2010-11-01
"232","2010-12-01",118.113431384358,4.06,-0.31238,789.344690137104,274.624,3.121,9.5,1.793,117.86237,2010-12-01
"233","2011-01-01",117.789037059028,4.09,-0.37726,1012.09825549758,275.003,3.23,10.3,1.806,115.78379,2011-01-01
"234","2011-02-01",117.14533344529,4.22,-0.38494,577.684956584592,275.195,3.316,10.1,1.708,113.25579,2011-02-01
"235","2011-03-01",115.675150434426,4.08,-0.33689,443.812333032262,274.706,3.65,9.9,1.732,110.57012,2011-03-01
"236","2011-04-01",113.667926296222,4.06,-0.34765,426.103595539345,275.184,4.078,9.6,1.727,110.12207,2011-04-01
"237","2011-05-01",113.808948484422,3.82,-0.33658,518.877231527597,275.268,4.301,9.8,1.692,112.00905,2011-05-01
"238","2011-06-01",114.370683709537,3.69,-0.29767,593.602833250568,275.207,4.071,10.7,1.683,115.60647,2011-06-01
"239","2011-07-01",114.486277836091,3.68,-0.25333,435.284068875231,275.836,3.934,10.6,1.647,117.77856,2011-07-01
"240","2011-08-01",114.86210705523,3.46,-0.03413,861.246267984849,276.397,3.907,10.5,1.711,119.40285,2011-08-01
"241","2011-09-01",114.366946530503,3.32,0.13206,666.308414069335,277.221,3.841,10.1,1.947,118.47408,2011-09-01
"242","2011-10-01",113.65972716679,3.35,0.10829,829.078483937952,277.672,3.504,9.9,1.871,116.3912,2011-10-01
"243","2011-11-01",111.741904939493,3.31,0.09664,880.670235805773,278.899,3.528,9.5,1.836,112.44319,2011-11-01
"244","2011-12-01",110.810506668671,3.25,0.0978,1016.14705862398,279.815,3.375,9.4,1.874,110.16315,2011-12-01
"245","2012-01-01",110.182907391211,3.2,-0.02775,705.095141963815,280.284,3.562,9.9,1.939,107.98749,2012-01-01
"246","2012-02-01",109.089553410456,3.16,-0.12269,634.892257829475,280.126,3.585,9.7,1.798,105.25894,2012-02-01
"247","2012-03-01",107.300603746447,3.2,-0.15698,918.06060633168,280.497,4.173,9.3,1.774,102.74574,2012-03-01
"248","2012-04-01",107.033129115059,3.14,-0.13143,564.86221396108,280.203,4.221,8.8,1.829,103.97624,2012-04-01
"249","2012-05-01",109.975460450085,3.03,-0.0172,523.252715572166,280.692,4.11,8.8,1.691,108.62483,2012-05-01
"250","2012-06-01",112.02532309651,2.95,0.06427,695.63616093377,280.625,3.843,9.7,1.67,113.55543,2012-06-01
"251","2012-07-01",113.11773742417,2.85,0.01342,667.327754916694,280.823,3.69,9.5,1.648,116.6148,2012-07-01
"252","2012-08-01",112.974492241429,2.86,-0.05903,993.010947755975,281.457,4.152,9.3,1.884,117.44699,2012-08-01
"253","2012-09-01",112.818076663757,2.8,-0.12678,905.972710399434,281.85,4.207,8.6,1.889,116.68935,2012-09-01
"254","2012-10-01",112.549160891898,2.69,-0.14714,843.023491136605,283.142,3.886,8.8,1.96,114.88381,2012-10-01
"255","2012-11-01",113.093644969906,2.66,-0.12021,1061.44464187391,283.948,3.585,8.6,1.963,113.35829,2012-11-01
"256","2012-12-01",113.641994468188,2.66,-0.16249,624.969486695755,284.564,3.458,9,2.007,112.60814,2012-12-01
"257","2013-01-01",114.142903557576,2.7,-0.22354,936.673348066631,284.915,3.385,10.2,1.933,111.65109,2013-01-01
"258","2013-02-01",114.728644667929,2.77,-0.24954,874.673604465484,285.51,3.854,10,1.965,110.69775,2013-02-01
"259","2013-03-01",115.081441237348,2.76,-0.27644,919.831778052278,285.949,3.897,9.3,1.925,110.72559,2013-03-01
"260","2013-04-01",116.584769718891,2.66,-0.33432,917.943515820873,286.696,3.902,9,1.918,113.83292,2013-04-01
"261","2013-05-01",118.809504198978,2.72,-0.37925,1111.58940773382,287.189,4.18,9,1.87,117.91637,2013-05-01
"262","2013-06-01",119.860146895226,3.17,-0.33179,935.346300643663,287.623,4.229,9.9,1.859,121.74331,2013-06-01
"263","2013-07-01",121.961824068223,3.43,-0.3171,869.655833831725,288.758,3.917,9.5,1.833,125.6946,2013-07-01
"264","2013-08-01",123.161136933677,3.49,-0.32675,793.018187648476,289.443,3.788,9.1,1.838,127.69799,2013-08-01
"265","2013-09-01",124.267631049027,3.52,-0.33384,2254.21781683833,290.396,3.737,8.7,1.897,128.0335,2013-09-01
"267","2013-11-01",126.008901475176,3.3,-0.4184,1288.72076631524,291.654,3.339,8.3,1.925,125.87361,2013-11-01
"268","2013-12-01",126.740451938303,3.48,-0.44843,907.843814225593,292.702,3.302,8.2,2.026,125.29063,2013-12-01
"269","2014-01-01",126.580601655642,3.48,-0.43109,1161.21833495505,292.988,3.453,8.7,2.008,123.73476,2014-01-01
"270","2014-02-01",126.801436916141,3.35,-0.41211,931.218296638966,292.801,3.517,8.8,1.998,122.61173,2014-02-01
"271","2014-03-01",127.672813613385,3.36,-0.39871,1342.6381688817,292.974,3.831,8.2,2.061,123.647749595758,2014-03-01
"272","2014-04-01",128.355372061913,3.39,-0.37179,1481.9841234534,292.959,3.954,7.2,2.119,126.070237191712,2014-04-01
"273","2014-05-01",128.239795407184,3.29,-0.37001,1488.79644694776,293.483,3.858,7.1,1.996,127.950402006244,2014-05-01
"274","2014-06-01",127.859343715428,3.27,-0.38799,1516.03780838606,294.042,3.993,7.4,1.948,129.923550737256,2014-06-01
"275","2014-07-01",127.353820344382,3.24,-0.37465,1619.05145040867,294.758,3.705,7.3,1.95,130.975926161734,2014-07-01
"276","2014-08-01",127.516638809646,3.25,-0.34527,938.98505162808,296.159,3.574,7,1.979,131.620269283303,2014-08-01
"277","2014-09-01",127.739558056222,3.31,-0.29251,1048.29880896907,298.885,3.607,6.6,1.97,130.948777644598,2014-09-01
"278","2014-10-01",128.04921760931,3.21,-0.24804,1324.98276211999,300.655,3.295,6.4,1.951,129.604420752299,2014-10-01
"279","2014-11-01",128.330964587963,3.19,-0.23997,818.153338526724,301.479,2.996,6.2,2.032,127.885655687277,2014-11-01
"280","2014-12-01",128.426951333815,3.13,-0.17481,1820.15325984481,301.381,2.565,5.9,2.21,126.789913278432,2014-12-01
"281","2015-01-01",129.415827437938,2.99,-0.09174,1063.23382899291,301.829,2.072,7,2.113,126.577650531873,2015-01-01
"282","2015-02-01",130.291678155825,3.01,-0.07667,1730.01197803457,302.719,2.36,6.7,2.088,126.422471295506,2015-02-01
"283","2015-03-01",130.840311179591,3.04,-0.08803,1163.49481515048,303.496,2.603,6.3,2.133,127.577808967482,2015-03-01
"284","2015-04-01",130.501393822626,2.94,-0.09543,1363.67784906482,303.791,2.672,5.7,2.065,128.922146236712,2015-04-01
"285","2015-05-01",130.153804681015,3.06,-0.10497,1221.66523357968,303.922,2.879,5.9,1.962,130.418994004809,2015-05-01
"286","2015-06-01",129.763994149244,3.19,-0.09984,1528.20198269927,305.505,3.116,6.3,2.57,131.810966276097,2015-06-01
"287","2015-07-01",129.472861315457,3.21,-0.05613,1183.55586037412,306.063,2.949,6.1,2.57,132.708731533233,2015-07-01
"288","2015-08-01",129.370192324938,3.13,0.01937,1547.99776154909,306.62,3.035,5.8,2.943,132.840677054899,2015-08-01
"289","2015-09-01",129.586671209164,3.1,0.05937,1078.4275897571,307.585,2.641,5.3,2.966,132.174611195008,2015-09-01
"290","2015-10-01",129.999691383913,3.01,0.0527,1132.12831666416,308.449,2.559,5.5,2.808,131.108715475404,2015-10-01
"291","2015-11-01",130.897343729308,3.16,0.07548,2047.6971995285,309.2,2.231,5.7,2.664,130.262578515041,2015-11-01
"292","2015-12-01",131.383102638812,3.21,0.15204,1353.27764790042,309.939,2.027,5.8,2.751,129.651692727565,2015-12-01
"293","2016-01-01",131.709010157283,3.16,0.24174,2328.66366910991,310.212,1.885,6.6,2.328,129.016876606409,2016-01-01
"294","2016-02-01",132.039312083053,2.96,0.26496,1251.58740502413,310.874,1.606,6.6,2.267,128.639740826977,2016-02-01
"295","2016-03-01",132.863755929036,2.97,0.19171,1881.7988390741,310.717,2.001,6.4,2.081,130.312548662412,2016-03-01
"296","2016-04-01",133.510494854143,2.87,0.14959,546.572239334855,311.114,2.236,6,1.793,132.519359097654,2016-04-01
"297","2016-05-01",133.996916586501,2.84,0.15864,1405.31024515005,311.695,2.4,5.5,1.684,134.627779460671,2016-05-01
"298","2016-06-01",133.858626637299,2.84,0.17387,983.484053644169,312.688,2.611,6.2,1.491,135.828073585672,2016-06-01
"299","2016-07-01",133.8455091629,2.75,0.1649,1939.03106052821,313.464,2.3,5.8,1.546,136.702428520478,2016-07-01
"300","2016-08-01",133.607723479199,2.75,0.13147,1467.41014775674,314.221,2.288,5.8,1.455,136.54342278549,2016-08-01
"301","2016-09-01",133.995504867127,2.76,0.15541,1790.80187176715,314.519,2.311,5.7,1.471,136.103365632587,2016-09-01
"302","2016-10-01",134.046172527053,2.76,0.15286,2754.29478616849,315.028,2.31,5.6,1.39,134.859341496427,2016-10-01
"303","2016-11-01",135.364663725017,3.03,0.11125,1031.58409148336,317.112,2.135,5.1,1.321,134.657743888331,2016-11-01
"304","2016-12-01",136.808912648796,3.43,0.05218,1255.37383539248,317.296,2.329,5.1,1.383,135.041119803975,2016-12-01
"305","2017-01-01",137.788185645343,3.39,0.00067,1351.16029021903,317.668,2.447,5.7,1.599,135.200802534873,2017-01-01
"306","2017-02-01",138.134999660598,3.38,-0.0249,1884.80872502632,318.021,2.315,5.3,1.464,135.026902889869,2017-02-01
"307","2017-03-01",138.294438384719,3.41,-0.00967,1146.65647338152,318.071,2.347,4.8,1.404,136.238862929896,2017-03-01
"308","2017-04-01",138.189185438423,3.3,-0.01333,2140.15772841264,319.569,2.548,4.5,1.409,137.626213968234,2017-04-01
"309","2017-05-01",138.178806221274,3.26,-0.0226,1119.38620909043,320.162,2.431,4.5,1.414,138.995894432174,2017-05-01
"310","2017-06-01",138.182263814093,3.17,-0.04998,3242.48131188029,320.744,2.343,5.2,1.332,140.081393598557,2017-06-01
"311","2017-07-01",138.391059239111,3.24,-0.07918,1070.74172108945,321.965,2.382,5.1,1.333,140.913156660256,2017-07-01
"312","2017-08-01",138.665515699914,3.16,-0.07443,1738.1382323937,322.751,2.451,5.3,1.367,141.179206241271,2017-08-01
"313","2017-09-01",139.114840280833,3.11,-0.07692,1757.75758972831,324.447,2.579,4.8,1.422,140.891316183514,2017-09-01
"314","2017-10-01",139.292660476811,3.2,-0.10784,1717.48613700657,325.122,2.542,4.7,1.54,139.956316151339,2017-10-01
"315","2017-11-01",139.936478994608,3.29,-0.11016,1373.82405326381,326.01,2.741,4.5,1.506,139.234560019215,2017-11-01
"316","2017-12-01",140.187409088715,3.39,-0.10462,1854.98207652065,327.048,2.58,4.4,1.815,138.452423701165,2017-12-01
"317","2018-01-01",140.966091802053,3.48,-0.11988,1276.21693806632,327.885,2.685,5,1.769,138.51301974086,2018-01-01
"318","2018-02-01",141.475128171557,3.79,-0.09743,1137.21281453701,328.097,2.591,4.8,1.755,138.609938082845,2018-02-01
"319","2018-03-01",141.745928788279,3.91,-0.04872,1361.59860149279,328.539,2.636,4.2,1.831,140.017765794571,2018-03-01
"320","2018-04-01",141.746629876349,3.93,-0.04466,1246.97439069524,329.294,2.85,3.7,2.081,141.431254761949,2018-04-01
"321","2018-05-01",141.87051915705,4.07,-0.06745,2104.69302488957,329.299,3.078,3.6,1.987,142.77870228775,2018-05-01
"322","2018-06-01",141.85730046923,4.04,-0.07581,1711.54233607888,329.996,3.013,4.6,1.628,143.702193389458,2018-06-01
"323","2018-07-01",141.904657073566,4.01,-0.08102,1208.22746868554,330.92,2.943,4.3,1.725,144.203808112478,2018-07-01
"324","2018-08-01",142.55117349104,4.02,-0.09547,1584.76291972016,331.771,2.915,4.1,1.622,144.788281247937,2018-08-01
"325","2018-09-01",143.286183696264,4.08,-0.10509,1527.5996323955,332.746,2.936,3.8,1.651,144.863800632252,2018-09-01
"326","2018-10-01",143.794930651178,4.25,-0.09311,1574.01369477264,333.905,2.85,3.9,1.66,144.399665972643,2018-10-01
"327","2018-11-01",144.125223342337,4.28,-0.02202,1889.76841549135,335.604,2.487,3.7,1.596,143.480246657929,2018-11-01
"328","2018-12-01",144.134571698973,4.09,0.05892,1196.77884366757,336.495,2.257,4,1.595,142.425928549536,2018-12-01
"329","2019-01-01",144.001629421604,3.91,0.02567,1540.50430137433,337.168,2.161,4.9,1.554,141.572678226353,2019-01-01
"330","2019-02-01",144.289100032081,3.8,-0.04509,1517.54557812188,337.025,2.358,4.5,1.557,141.522089952281,2019-02-01
"331","2019-03-01",143.870754031106,3.72,-0.07267,849.764968293153,338.592,2.707,4.3,1.544,142.298859360727,2019-03-01
"332","2019-04-01",144.16605493768,3.61,-0.07996,1869.01558473648,339.272,3.011,3.8,1.463,143.973129114866,2019-04-01
"333","2019-05-01",144.094917542879,3.53,-0.05776,1727.0256051108,341.088,3.112,3.5,1.362,145.045981212732,2019-05-01
"334","2019-06-01",144.331895363368,3.24,-0.03716,1317.4238521214,341.818,2.939,4.2,1.203,146.208049597667,2019-06-01
"335","2019-07-01",144.405084951069,3.2,-0.03392,1756.13934926705,341.101,3.039,4.1,1.243,146.609949691248,2019-07-01
"336","2019-08-01",144.654809510972,3.08,-0.00299,1348.4098610216,341.859,2.806,3.8,1.219,146.71973095552,2019-08-01
"337","2019-09-01",144.021444674202,3.12,0.01804,1044.04786864562,342.622,2.742,3.4,1.383,145.479974837052,2019-09-01
"338","2019-10-01",144.133942095084,3.14,-0.00335,1144.90250391777,342.926,2.678,3.4,1.282,144.739782830805,2019-10-01
"339","2019-11-01",144.237604208687,3.16,-0.03985,1544.57218285123,343.813,2.622,3.2,1.405,143.676447921816,2019-11-01
"340","2019-12-01",145.107051952895,3.18,-0.05349,2080.43610993772,345.458,2.584,3.2,1.535,143.399046394893,2019-12-01
"341","2020-01-01",144.660363138891,3.07,-0.10256,1595.03721029863,346.449,2.628,4,1.461,142.197849608678,2020-01-01
"342","2020-02-01",145.336063914355,2.97,0.01459,1521.49017288603,347.141,2.575,4,1.449,142.558658993996,2020-02-01
"343","2020-03-01",146.050349502439,2.89,0.50711,1578.6994071984,347.474,2.312,6.2,1.525,144.503442577541,2020-03-01
"344","2020-04-01",146.069136907175,2.8,0.7553,633.399767127833,347.314,1.879,18.6,2.019,145.898534916935,2020-04-01
"345","2020-05-01",145.901748224282,2.69,0.49074,1013.1396207079,348.344,2.114,15.4,1.64,146.917629614949,2020-05-01
"346","2020-06-01",145.034729600291,2.6,0.19109,1025.9062445082,349.214,2.288,13.7,1.554,147.02422213037,2020-06-01
"347","2020-07-01",146.188301566943,2.52,0.08256,1444.00581801938,350.09,2.317,12.5,1.401,148.447081113601,2020-07-01
"348","2020-08-01",148.349070749411,2.48,-0.00964,979.798394522913,350.673,2.303,10.2,1.328,150.385026057303,2020-08-01
"349","2020-09-01",150.722760228358,2.39,-0.02534,1444.33650187151,351.302,2.256,9.5,1.353,152.163759223784,2020-09-01
"350","2020-10-01",152.647178245982,2.35,-0.0193,1318.25102919581,352.532,2.2,7.9,1.408,153.286277311438,2020-10-01
"351","2020-11-01",154.187602486851,2.31,-0.05858,1194.4971902292,353.426,2.121,7.8,1.45,153.635175493357,2020-11-01
"352","2020-12-01",155.673403687906,2.22,-0.09644,1330.06823404925,354.001,2.238,8,1.481,153.798949634319,2020-12-01
"353","2021-01-01",157.116000124087,2.2,-0.12859,1378.15643383664,354.33,2.418,8,1.466,154.333374130127,2021-01-01
"354","2021-02-01",157.974741105301,2.24,-0.14551,1365.40933497907,355.015,2.607,7.5,1.597,154.872930058701,2021-02-01
"355","2021-03-01",159.248422863985,2.39,-0.15413,1360.69914176614,354.53,2.911,6.9,1.625,157.549781697575,2021-03-01
"356","2021-04-01",160.618031107341,2.36,-0.18365,1303.30916693101,355.331,3.019,6.7,1.62,160.421667027681,2021-04-01
"357","2021-05-01",162.081839786824,2.28,-0.19641,1254.10727704289,355.663,3.169,6.6,1.625,163.329187852633,2021-05-01
"358","2021-06-01",163.561175984485,2.27,-0.18235,1943.88928957276,357.057,3.422,7.6,1.642,165.985916033377,2021-06-01
"359","2021-07-01",164.997909396249,2.18,-0.16294,2327.00000804196,358.024,3.475,6.8,1.642,167.674432136226,2021-07-01
"360","2021-08-01",166.693822279044,2.15,-0.1445,1527.79834925539,359.38,3.462,6.2,1.709,168.953503075137,2021-08-01
"361","2021-09-01",168.285183098108,2.18,-0.14747,1398.90026333979,362.153,3.466,5.2,1.835,169.854820107916,2021-09-01
"362","2021-10-01",169.977420324974,2.31,-0.14308,2163.37364676131,361.733,3.574,4.9,1.821,170.66242717063,2021-10-01
"363","2021-11-01",172.027977906691,2.36,-0.11353,1275.86575377903,363.766,3.629,4.3,1.718,171.387038459417,2021-11-01
"364","2021-12-01",174.601732538087,2.35,-0.08815,1067.64651120787,364.376,3.488,4,1.788,172.400246236476,2021-12-01
"365","2022-01-01",176.441277320713,2.66,-0.07312,1417.96691443575,365.851,3.5,5.1,1.929,173.203761889126,2022-01-01
"366","2022-02-01",178.975492127678,3,-0.00562,1305.06540978466,367.296,3.734,5,2.005,175.327517681231,2022-02-01
"367","2022-03-01",179.794599477409,3.39,0.0728,1352.03659586169,367.338,4.501,4.5,2.046,177.8333346433,2022-03-01
"368","2022-04-01",181.392471219337,4.22,0.09621,1673.27701484653,368.362,4.48,4.3,2.52,181.146797914222,2022-04-01
"369","2022-05-01",182.946345600331,4.44,0.13054,1517.17369878875,370.324,4.965,4.4,2.863,184.523261050895,2022-05-01
"370","2022-06-01",184.797265094412,4.65,0.18522,1133.04464886712,372.385,5.751,5.2,2.707,187.742003763656,2022-06-01
"371","2022-07-01",185.673967924058,4.61,0.19804,1178.10182084167,373.912,5.292,4.9,2.936,188.855779773692,2022-07-01
"372","2022-08-01",185.394277070643,4.56,0.15909,1250.64601491031,377.091,4.586,5,3.116,187.937449539354,2022-08-01
"373","2022-09-01",185.023432114581,5.35,0.2103,1985.02013546803,379.085,4.252,4.4,2.902,186.72774615236,2022-09-01
"374","2022-10-01",185.07967443638,6.15,0.24624,1352.53774084836,383.055,4.44,4.4,3.419,185.752940722996,2022-10-01
"375","2022-11-01",185.524412408724,6.14,0.19403,1349.59312035045,384.45,4.226,4.2,3.589,184.760965107514,2022-11-01
"376","2022-12-01",184.96749149881,5.67,0.16776,1684.18842025683,388.585,3.462,3.9,4.25,182.516291958998,2022-12-01
"377","2023-01-01",185.166214895705,5.43,0.13417,1321.93767350745,390.122,3.575,4.5,4.823,181.66892855677,2023-01-01
"378","2023-02-01",185.770698356672,5.42,0.1145,1162.73272576008,393.765,3.641,4.5,4.211,181.900333607966,2023-02-01
"379","2023-03-01",187.449066593592,5.8,0.17354,1377.13979234852,396.566,3.738,4.3,3.446,185.36981990726,2023-03-01
"380","2023-04-01",188.849553606642,5.66,0.18738,1157.50263342348,396.952,4.169,3.6,3.27,188.577171427973,2023-04-01
"381","2023-05-01",191.057698126191,5.81,0.16127,1102.57466281434,399.32,4.149,3.9,2.666,192.84508119329,2023-05-01
"382","2023-06-01",192.324411464895,6.09,0.12659,1352.09130167365,400.467,4.236,4.7,2.219,195.5525644442,2023-06-01
"383","2023-07-01",193.80122421926,6.18,0.1064,1015.52637982758,401.188,4.087,4.5,2.094,197.257338260419,2023-07-01
"384","2023-08-01",194.56058321987,6.43,0.09197,1269.28423530027,404.537,4.305,5.1,2.043,197.272124243551,2023-08-01
"385","2023-09-01",195.971539178865,6.57,0.09129,1197.49841614951,406.359,4.083,4.6,2.065,197.772492901635,2023-09-01
"386","2023-10-01",197.661939255711,6.91,0.10983,1134.44708611054,409.372,3.715,4.5,2.072,198.295967724468,2023-10-01
"387","2023-11-01",198.492876928494,6.77,0.09159,1020.20899952408,411.605,3.575,4.2,2.138,197.629254303271,2023-11-01
"388","2023-12-01",199.978999003215,6.14,0.04677,1059.14213027955,413.664,3.278,4.2,2.507,197.222605426786,2023-12-01
"389","2024-01-01",200.305549270378,5.87,0.01117,1226.11203874152,415.63,3.223,5,2.522,196.464821338419,2024-01-01
"390","2024-02-01",202.899059862127,6.1,-0.01584,1355.91941681542,415.413,3.483,5.4,2.996,198.608317938792,2024-02-01
"391","2024-03-01",204.05568754811,6.18,-0.03731,1672.44750917477,417.099,3.91,5,2.992,201.769172595498,2024-03-01
"392","2024-04-01",205.490397368846,6.26,-0.03679,801.023778338725,417.355,4.103,4.7,2.864,205.185293956336,2024-04-01
"393","2024-05-01",205.579379385355,6.35,-0.04675,1560.68859137341,419.488,4.133,5,2.699,207.583350830328,2024-05-01
"394","2024-06-01",206.002291686691,6.19,-0.04871,1351.53428696603,423.373,4.053,6,2.715,209.563289143508,2024-06-01
"395","2024-07-01",206.815921698909,6.14,-0.03685,1464.77642714255,424.903,4.123,5.9,3.08,210.597778139818,2024-07-01
"396","2024-08-01",208.514868468165,5.68,-0.02939,1751.00232008594,426.129,3.985,5.6,3.204,211.459142602384,2024-08-01
"397","2024-09-01",209.498957525043,5.26,-0.04336,1521.9793239925,428.149,3.617,5,3.821,211.388175770275,2024-09-01
"398","2024-10-01",209.935444474363,5.6,-0.06,1528.48223942543,430.573,3.524,4.9,3.37,210.561956225809,2024-10-01
"399","2024-11-01",210.757819891684,6.03,-0.08618,1670.54763035173,433.196,3.303,4.7,3.649,209.824962779947,2024-11-01
"400","2024-12-01",213.146111975377,5.93,-0.10195,1395.00165541394,434.614,3.317,4.5,4.146,210.14988157051,2024-12-01
"401","2025-01-01",215.354559857016,6.16,-0.13425,1321.64473013392,436.54,3.324,5.1,4.953,211.184782651288,2025-01-01
"402","2025-02-01",217.032826937941,6.03,-0.13268,1390.40073221955,438.594,3.302,5.3,5.897,212.421575686208,2025-02-01
